SampleId,Bcells
1,-0.09086737992230748
2,-0.9995411791453815
3,-0.9995411791453815
4,0.8178064193007665
5,1.7264802185238406
6,-0.9995411791453815
7,-0.9995411791453815
8,0.8178064193007665
9,0.8178064193007665
10,-0.09086737992230748
