SampleId,Chemokine12
1,-0.6123724356957945
2,1.224744871391589
3,0
4,0.6123724356957945
5,1.224744871391589
6,1.224744871391589
7,-1.224744871391589
8,-0.6123724356957945
9,-1.224744871391589
10,-0.6123724356957945
