SampleId,Dendritic
1,-1.466146915168976
2,1.1211711704233345
3,-0.6037075533048726
4,0.2587318085592309
5,0.2587318085592309
6,-0.6037075533048726
7,1.983610532287438
8,0.2587318085592309
9,-0.6037075533048726
10,-0.6037075533048726
