SampleId,MastC
1,1.6035674514745464
2,-0.8017837257372732
3,-1.6035674514745464
4,-0.8017837257372732
5,0
6,-0.8017837257372732
7,0
8,0.8017837257372732
9,0.8017837257372732
10,0.8017837257372732
