SampleId,Tcells
1,-1.3887301496588271
2,1.3887301496588271
3,0.4629100498862757
4,0.4629100498862757
5,-0.4629100498862757
6,-1.3887301496588271
7,0.4629100498862757
8,-0.4629100498862757
9,-0.4629100498862757
10,1.3887301496588271
