"purity","ploidy"
0.391985544267208,2.12139316619177
