"purity","ploidy"
0.938643749987866,2.28990745323941
