"purity","ploidy"
0.0579344008301432,4.30048461905428
